BL_ID,Newspaper_Title,Location,Collection,Articles
0002194,The Sun,London,HMD,1625117
0002642,The Express,London,HMD,368107
0003040,The Birkenhead News and Wirral General Advertiser,"Birkenhead, Merseyside, England",LwM,400749
0002609,Runcorn Examiner,"Runcorn, Cheshire, England",LwM,288397
0003038,Blackpool Herald and Fylde Advertiser,"Blackpool, Lancashire, England",LwM,274608
0003067,Liverpool Weekly Courier,"Liverpool, Merseyside, England",LwM,271283
0002976,The Stockton & Thornaby Herald and South Durham Advertiser,"Stockton-on-Tees, Cleveland, England",LwM,269282
0002601,Widnes Examiner,"Widnes, Cheshire, England",LwM,268014
0002610,The St. Helens Examiner and Prescot Weekly News,"Saint Helens, Merseyside, England",LwM,265676
0002088,The Liverpool Standard and General Commercial Advertiser,"Liverpool, Merseyside, England",HMD,256149
0002596,The Cotton Factory Times,"Manchester, Greater Manchester, England",LwM,223560
0002646,Star,London,HMD,203386
0003039,The Northern Guardian,"Hartlepool, Cleveland, England",LwM,202362
0003092,The Ripon Observer,"Ripon, North Yorkshire, England",LwM,195310
0003075,Northern Weekly Gazette,"Stockton-on-Tees, Cleveland, England",LwM,194702
0003042,The Barrow Herald and Furness Advertiser,"Barrow-in-Furness, Cumbria, England",LwM,180726
0002598,The Warrington & Mid-Cheshire Examiner,"Warrington, Cheshire, England",LwM,167751
0003089,Glasgow Courier,"Glasgow, Strathclyde, Scotland",LwM,162766
0002975,Stockton Herald South Durham and Cleveland Advertiser,"Stockton-on-Tees, Cleveland, England",LwM,162284
0003065,The Haslingden Gazette,"Haslingden, Lancashire, England",LwM,148991
0003058,The Central Glamorgan Gazette,"Bridgend, Mid Glamorgan, Wales",LwM,142003
0003066,The Kenilworth Advertiser,"Kenilworth, Warwickshire, England",LwM,129752
0002977,Swansea and Glamorgan Herald and South Wales Free Press,"Swansea, West Glamorgan, Wales",LwM,129274
0003037,The Blackpool Herald,"Blackpool, Lancashire, England",LwM,116429
0002643,The British Press; or Morning Literary Advertiser,London,HMD,114487
0003047,Lancaster Standard and County Advertiser,"Lancaster, Lancashire, England",LwM,103191
0003081,Penistone Stocksbridge and Hoyland Express,"Penistone, South Yorkshire, England",LwM,99722
0003091,The Dorset County Express and Agricultural Gazette,"Dorchester, Dorset, England",LwM,99328
0003074,The North-Eastern Weekly Gazette,"Stockton-on-Tees, Cleveland, England",LwM,98119
0002084,Northern Times,"Liverpool, Merseyside, England",HMD,96414
0003059,Bridlington and Quay Gazette,"Bridlington, Humberside, England",LwM,91095
0003077,Nelson Chronicle Colne Observer and Clitheroe Division News,"Nelson, Lancashire, England",LwM,88544
0002982,The Telegram,"Weymouth, Dorset, England",LwM,85441
0003051,The Warwickshire Herald,"Birmingham, West Midlands, England",LwM,81998
0002647,The Statesman,London,HMD,77439
0003061,Brighouse & Rastrick Gazette,"Brighouse, West Yorkshire, England",LwM,74918
0002974,The Stourbridge Observer Cradley Heath Halesowen & District Chronicle,"Stourbridge, West Midlands, England",LwM,71810
0003060,Bridport Beaminster and Lyme Regis Telegram,"Bridport, Dorset, England",LwM,61261
0003045,The Atherstone Nuneaton and Warwickshire Times,"Atherstone, Warwickshire, England",LwM,58502
0003056,Bridgend Chronicle Cowbridge Llantrisant and Maesteg Advertiser,"Bridgend, Mid Glamorgan, Wales",LwM,56335
0002620,Denton and Haughton Examiner,"Denton, Greater Manchester, England",LwM,56346
0002083,The Northern Daily Times,"Liverpool, Merseyside, England",HMD,53042
0003088,The Glasgow Chronicle,"Glasgow, Strathclyde, Scotland",LwM,52908
0002981,The Weymouth Portland and Dorchester Telegram,"Weymouth, Dorset, England",LwM,52133
0003055,The Blandford and Wimbourne Telegram,"Blandford, Dorset, England",LwM,47298
0002612,The Potteries Examiner,"Stoke-on-Trent, Staffordshire, England",LwM,43031
0003064,The Halifax Comet,"Halifax, West Yorkshire, England",LwM,41875
0003083,The Poole Telegram,"Poole, Dorset, England",LwM,40568
0003057,Bridgend & Neath Chronicle and County of Glamorgan Advertiser,"Bridgend, Mid Glamorgan, Wales",LwM,39163
0002644,The National Register,London,HMD,38578
0002247,The Bee-Hive,London,HMD,35999
0003049,The East Riding Telegraph,"Beverley, Humberside, England",LwM,36247
0003082,The Pontypridd District Herald,"Pontypridd, Mid Glamorgan, Wales",LwM,35330
0003035,The Herald of Wales,"Swansea, West Glamorgan, Wales",LwM,34080
0003072,Middlesbrough & Stockton Gazette and General Advertiser,"Stockton-on-Tees, Cleveland, England",LwM,33387
0003080,Penistone Stocksbridge Hoyland & Chapeltown Express,"Penistone, South Yorkshire, England",LwM,32333
0003104,Bargoed Journal,"Gelligaer, Mid Glamorgan, Wales",LwM,32460
0002085,The Daily Times,"Liverpool, Merseyside, England",HMD,30532
0003073,The Weekly Gazette for Middlesbrough Stockton Hartlepool and Cleveland District,"Stockton-on-Tees, Cleveland, England",LwM,29509
0003094,The Slaithwaite Guardian and Colne Valley News,"Slaithwaite, West Yorkshire, England",LwM,29118
0003408,The Dewsbury Chronicle and West Riding Advertiser,"Dewsbury, West Yorkshire, England",LwM,27915
0002597,The Warrington Examiner,"Warrington, Cheshire, England",LwM,26780
0002645,The Press,London,HMD,25434
0003054,Blandford Wimborne and Poole Telegram,"Blandford, Dorset, England",LwM,23061
0002980,The Weekly Journal,"Hartlepool, Cleveland, England",LwM,23371
0003053,Weekly News,"Blandford, Dorset, England",LwM,22398
0002608,Runcorn and Widnes Examiner,"Runcorn, Cheshire, England",LwM,22033
0002978,The North Cumberland Reformer,"Carlisle, Cumbria, England",LwM,21617
0003034,The Herald of Wales and Monmouthshire Recorder,"Swansea, West Glamorgan, Wales",LwM,21105
0002249,The Bee-Hive.,London,HMD,19977
0003052,Blandford Weekly News,"Blandford, Dorset, England",LwM,17751
0002600,The Shropshire Examiner,"Wenlock, Shropshire, England",LwM,17809
0002606,The Cannock Chase Examiner,"Cannock, Staffordshire, England",LwM,15852
0003043,Alston Herald and East Cumberland Advertiser,"Alston, Cumbria, England",LwM,13110
0002595,The Forest of Dean Examiner,"Blakeney, Gloucestershire, England",LwM,13016
0003048,Beverley and East Riding Telegraph,"Beverley, Humberside, England",LwM,11858
0002089,The Liverpool Standard and General Advertiser,"Liverpool, Merseyside, England",HMD,11844
0002979,The Northern News,"Carlisle, Cumbria, England",LwM,10979
0003087,Irvine Express and North Ayrshire Post,"Irvine, Strathclyde, Scotland",LwM,10268
0003086,Irvine Express,"Irvine, Strathclyde, Scotland",LwM,10178
0003401,Darlington & Richmond Herald,"Darlington, Durham, England",LwM,9889
0002616,The Tamworth Examiner and Working Men's Journal,"Tamworth, Staffordshire, England",LwM,9349
0002619,Denton Examiner Audenshaw Hooley Hill and Dukinfield Advertiser,"Denton, Greater Manchester, England",LwM,9293
0003406,Nantwich Sandbach & Crewe Star,,LwM,8913
0003062,Brighouse Gazette and Local Railway Guide,"Brighouse, West Yorkshire, England",LwM,8757
0003398,The Manchester Examiner,"Manchester, Greater Manchester, England",LwM,8477
0002973,The Observer Cradley Heath Halesowen & District Chronicle,"Stourbridge, West Midlands, England",LwM,7741
0003046,The Lancaster Herald and Town and County Advertiser,"Lancaster, Lancashire, England",LwM,7703
0003539,The Miner and Workman's Advocate,London,HMD,7159
0002613,The Staffordshire and Potteries Examiner,"Stoke-on-Trent, Staffordshire, England",LwM,6213
0002603,The Wolverhampton and Midland Counties Advertiser,"Wolverhampton, West Midlands, England",LwM,5558
0003541,The Commonwealth,London,HMD,4578
0003400,The Darlington & Stockton Telegraph,"Darlington, Durham, England",LwM,4710
0002618,Denton & Haughton Weekly News,"Denton, Greater Manchester, England",LwM,4623
0003070,Middlesbro' & Stockton Gazette and General Advertiser,"Stockton-on-Tees, Cleveland, England",LwM,4668
0003098,Swansea Journal and South Wales Liberal,"Swansea, West Glamorgan, Wales",LwM,4607
0002250,The Industrial Review Social and Political,London,HMD,4278
0003069,Stockton Gazette and Middlesbrough Times,"Stockton-on-Tees, Cleveland, England",LwM,4366
0002602,The Wolverhampton Times,"Wolverhampton, West Midlands, England",LwM,4175
0003044,The Atherstone Times,"Atherstone, Warwickshire, England",LwM,4103
0002607,The Stockton Examiner,"Stockton-on-Tees, Cleveland, England",LwM,3911
0002604,The Midland Examiner and Wolverhampton Times,"Wolverhampton, West Midlands, England",LwM,3786
0002605,The Midland Examiner and Times,"Wolverhampton, West Midlands, England",LwM,3405
0002614,Stretford and Urmston Examiner,"Stretford, Greater Manchester, England",LwM,2875
0003078,The Nuneaton Times,"Nuneaton, Warwickshire, England",LwM,2661
0003063,Halifax Local Opinion,"Halifax, West Yorkshire, England",LwM,2026
0002599,The South Staffordshire Examiner,"Wednesbury, West Midlands, England",LwM,2015
0003537,British Miner and General Newsman,London,LwM,1924
0003540,The Workman's Advocate,London,HMD,1241
0003538,The Miner,London,HMD,1057
0002244,Colored News,London,HMD,1025
0002248,The Penny Bee-Hive,London,HMD,943
0002611,Stalybridge Examiner,"Stalybridge, Greater Manchester, England",LwM,719
0003041,Barnsley Telephone,"Barnsley, South Yorkshire, England",LwM,636
0002972,Cradley Heath & Stourbridge Observer,"Stourbridge, West Midlands, England",LwM,559
0002617,The Denton Haughton & District Weekly News,"Denton, Greater Manchester, England",LwM,511
0003071,The Middlesbrough Gazette and General Advertiser,"Stockton-on-Tees, Cleveland, England",LwM,543
0003079,Penistone Stocksbridge Hoyland and Ecclesfield & Chapeltown Express,"Penistone, South Yorkshire, England",LwM,488
0003548,New Tredegar Bargoed & Caerphilly Journal,"Bedwellty, Gwent, Wales",LwM,484
0002615,The Tamworth Miners' Examiner and Working Men's Journal,"Tamworth, Staffordshire, England",LwM,626
